dept,nom_commune,insee_com,annee_cible,annee_source,est_fallback,taux_global_tfb,taux_global_tfnb,taux_plein_teom,taux_global_th
01,Bourg-en-Bresse,01053,2021,2021,False,38.81,118.52,9.95,28.64
01,Bourg-en-Bresse,01053,2022,2022,False,38.82,118.47,9.95,28.63
01,Bourg-en-Bresse,01053,2023,2023,False,38.82,118.53,9.95,28.62
01,Bourg-en-Bresse,01053,2024,2024,False,40.25,121.52,9.95,29.62
02,Laon,02408,2021,2021,False,64.73,76.43,,36.77
02,Laon,02408,2022,2022,False,64.73,76.43,,36.77
02,Laon,02408,2023,2023,False,64.73,76.43,,36.77
02,Laon,02408,2024,2024,False,65.56,77.5,,37.79
03,Moulins,03190,2021,2021,False,41.7,85.0,12.04,28.87
03,Moulins,03190,2022,2022,False,41.7,85.0,11.93,28.87
03,Moulins,03190,2023,2023,False,41.7,85.0,12.18,28.87
03,Moulins,03190,2024,2024,False,41.7,85.0,12.42,28.87
04,Digne-les-Bains,04070,2021,2021,False,68.51,146.2,12.0,30.02
04,Digne-les-Bains,04070,2022,2022,False,70.83,146.84,14.0,30.34
04,Digne-les-Bains,04070,2023,2023,False,70.86,146.74,14.0,30.12
04,Digne-les-Bains,04070,2024,2024,False,68.38,146.65,14.0,30.15
05,Gap,05061,2021,2021,False,62.05,226.0,8.65,19.37
05,Gap,05061,2022,2022,False,62.05,225.98,8.65,19.36
05,Gap,05061,2023,2023,False,62.04,225.95,9.52,19.35
05,Gap,05061,2024,2024,False,62.04,225.93,12.0,19.36
06,Nice,06088,2021,2021,False,36.21,49.61,8.46,29.38
06,Nice,06088,2022,2022,False,36.21,49.6,8.46,29.37
06,Nice,06088,2023,2023,False,36.2,49.57,10.46,29.36
06,Nice,06088,2024,2024,False,42.41,56.44,10.46,34.2
07,Privas,07186,2021,2021,False,49.04,216.33,13.95,27.34
07,Privas,07186,2022,2022,False,49.04,216.21,13.95,27.69
07,Privas,07186,2023,2023,False,49.05,216.31,13.95,27.26
07,Privas,07186,2024,2024,False,49.03,216.2,13.95,27.31
08,Charleville-Mézières,08105,2021,2021,False,54.96,100.31,10.4,30.99
08,Charleville-Mézières,08105,2022,2022,False,54.99,100.32,10.25,31.0
08,Charleville-Mézières,08105,2023,2023,False,55.48,101.05,10.1,31.43
08,Charleville-Mézières,08105,2024,2024,False,55.47,101.06,10.1,31.59
09,Foix,09122,2021,2021,False,47.34,152.33,13.58,21.85
09,Foix,09122,2022,2022,False,48.15,152.65,13.75,21.7
09,Foix,09122,2023,2023,False,48.34,153.56,13.6,21.81
09,Foix,09122,2024,2024,False,49.2,154.6,13.6,22.11
10,Troyes,10387,2021,2021,False,47.29,41.36,8.82,29.97
10,Troyes,10387,2022,2022,False,47.36,41.35,11.5,30.52
10,Troyes,10387,2023,2023,False,54.17,41.45,11.5,29.78
10,Troyes,10387,2024,2024,False,54.14,41.35,10.95,30.02
11,Carcassonne,11069,2021,2021,False,73.56,193.0,12.1,29.11
11,Carcassonne,11069,2022,2022,False,73.39,192.71,12.1,29.28
11,Carcassonne,11069,2023,2023,False,73.47,192.98,12.1,28.95
11,Carcassonne,11069,2024,2024,False,73.53,193.21,12.1,29.18
12,Rodez,12202,2021,2021,False,48.51,169.08,10.03,24.13
12,Rodez,12202,2022,2022,False,48.51,168.81,10.03,24.1
12,Rodez,12202,2023,2023,False,48.55,169.04,10.23,24.1
12,Rodez,12202,2024,2024,False,48.53,168.91,10.23,24.16
13,Marseille,13055,2021,2021,False,42.33,49.08,18.1,41.16
13,Marseille,13055,2022,2022,False,47.82,49.09,18.1,41.5
13,Marseille,13055,2023,2023,False,47.93,49.12,18.1,41.81
13,Marseille,13055,2024,2024,False,47.87,49.02,18.1,42.0
14,Caen,14118,2021,2021,False,52.1,69.21,10.74,25.28
14,Caen,14118,2022,2022,False,52.11,69.19,10.74,25.28
14,Caen,14118,2023,2023,False,52.69,69.99,10.74,25.64
14,Caen,14118,2024,2024,False,52.65,69.92,10.74,25.8
15,Aurillac,15014,2021,2021,False,51.5,208.63,10.25,33.07
15,Aurillac,15014,2022,2022,False,53.5,208.63,10.4,33.07
15,Aurillac,15014,2023,2023,False,53.5,208.63,10.65,33.07
15,Aurillac,15014,2024,2024,False,53.5,208.63,10.65,33.07
16,Angoulême,16015,2021,2021,False,62.43,124.23,10.3,27.78
16,Angoulême,16015,2022,2022,False,62.43,124.18,10.3,27.84
16,Angoulême,16015,2023,2023,False,62.45,124.38,10.3,27.74
16,Angoulême,16015,2024,2024,False,62.45,124.2,10.3,27.81
17,La Rochelle,17300,2021,2021,False,54.86,98.15,9.13,27.51
17,La Rochelle,17300,2022,2022,False,55.25,98.89,9.31,28.04
17,La Rochelle,17300,2023,2023,False,55.29,99.11,9.59,27.92
17,La Rochelle,17300,2024,2024,False,55.25,98.94,9.88,27.99
18,Bourges,18033,2021,2021,False,45.92,73.84,8.45,28.69
18,Bourges,18033,2022,2022,False,45.92,73.84,10.45,28.69
18,Bourges,18033,2023,2023,False,45.92,73.84,10.45,28.69
18,Bourges,18033,2024,2024,False,45.92,73.84,10.45,28.69
19,Tulle,19272,2021,2021,False,55.32,173.44,10.2,19.42
19,Tulle,19272,2022,2022,False,56.31,173.38,10.2,19.4
19,Tulle,19272,2023,2023,False,56.31,173.54,10.2,19.4
19,Tulle,19272,2024,2024,False,56.3,173.36,10.2,19.42
21,Dijon,21231,2021,2021,False,51.28,136.21,6.4,33.37
21,Dijon,21231,2022,2022,False,52.08,136.3,6.4,33.39
21,Dijon,21231,2023,2023,False,52.06,136.13,6.4,33.36
21,Dijon,21231,2024,2024,False,52.05,136.1,6.4,33.55
22,Saint-Brieuc,22278,2021,2021,False,49.54,101.68,10.4,38.94
22,Saint-Brieuc,22278,2022,2022,False,49.52,101.57,11.44,39.04
22,Saint-Brieuc,22278,2023,2023,False,49.55,101.7,12.5,38.82
22,Saint-Brieuc,22278,2024,2024,False,49.53,101.61,12.5,38.9
23,Guéret,23096,2021,2021,False,50.99,141.54,8.78,30.84
23,Guéret,23096,2022,2022,False,50.99,141.41,8.85,30.87
23,Guéret,23096,2023,2023,False,51.02,141.62,7.71,30.74
23,Guéret,23096,2024,2024,False,51.0,141.41,9.16,30.79
24,Périgueux,24322,2021,2021,False,72.78,186.92,12.0,22.45
24,Périgueux,24322,2022,2022,False,73.76,186.84,12.5,22.49
24,Périgueux,24322,2023,2023,False,73.78,187.02,,22.36
24,Périgueux,24322,2024,2024,False,73.75,186.79,,22.41
25,Besançon,25056,2021,2021,False,45.56,59.72,,32.19
25,Besançon,25056,2022,2022,False,45.62,59.77,,32.34
25,Besançon,25056,2023,2023,False,45.64,60.11,,32.25
25,Besançon,25056,2024,2024,False,45.63,59.79,,32.33
26,Valence,26362,2021,2021,False,45.36,102.36,7.95,26.54
26,Valence,26362,2022,2022,False,45.37,102.21,8.25,27.03
26,Valence,26362,2023,2023,False,45.41,102.32,8.25,26.38
26,Valence,26362,2024,2024,False,45.37,102.21,8.25,26.57
27,Évreux,27229,2021,2021,False,57.66,126.23,12.15,28.69
27,Évreux,27229,2022,2022,False,58.83,127.97,12.15,30.12
27,Évreux,27229,2023,2023,False,59.78,130.23,14.38,32.09
27,Évreux,27229,2024,2024,False,59.7,130.12,14.38,32.4
28,Chartres,28085,2021,2021,False,56.06,72.28,11.5,27.27
28,Chartres,28085,2022,2022,False,56.12,72.17,11.5,27.42
28,Chartres,28085,2023,2023,False,56.17,72.2,11.5,27.05
28,Chartres,28085,2024,2024,False,56.12,72.17,11.5,27.18
29,Quimper,29232,2021,2021,False,39.93,97.15,7.67,30.27
29,Quimper,29232,2022,2022,False,39.9,97.04,7.67,30.24
29,Quimper,29232,2023,2023,False,42.28,97.03,7.67,30.23
29,Quimper,29232,2024,2024,False,42.28,97.02,7.67,30.25
2A,Ajaccio,2A004,2021,2021,False,37.23,85.26,20.57,35.21
2A,Ajaccio,2A004,2022,2022,False,37.32,85.46,20.57,35.51
2A,Ajaccio,2A004,2023,2023,False,37.55,85.81,20.57,35.62
2A,Ajaccio,2A004,2024,2024,False,37.93,86.61,20.57,36.6
2B,Bastia,2B033,2021,2021,False,39.19,106.32,16.36,33.0
2B,Bastia,2B033,2022,2022,False,39.25,106.32,16.36,33.45
2B,Bastia,2B033,2023,2023,False,39.41,106.38,16.36,33.24
2B,Bastia,2B033,2024,2024,False,39.31,106.48,16.36,33.5
30,Nîmes,30189,2021,2021,False,53.94,142.14,11.71,41.11
30,Nîmes,30189,2022,2022,False,53.94,141.9,11.71,41.34
30,Nîmes,30189,2023,2023,False,54.06,142.39,11.71,40.99
30,Nîmes,30189,2024,2024,False,54.01,142.18,11.71,41.37
31,Toulouse,31555,2021,2021,False,48.93,172.72,8.1,35.12
31,Toulouse,31555,2022,2022,False,49.24,173.56,8.1,35.67
31,Toulouse,31555,2023,2023,False,49.61,174.9,8.1,35.7
31,Toulouse,31555,2024,2024,False,49.65,174.46,8.1,36.2
32,Auch,32013,2021,2021,False,79.81,232.51,9.41,30.99
32,Auch,32013,2022,2022,False,79.94,232.53,10.16,31.08
32,Auch,32013,2023,2023,False,80.0,232.86,10.16,31.1
32,Auch,32013,2024,2024,False,80.05,232.92,10.16,31.21
33,Bordeaux,33063,2021,2021,False,46.56,123.08,9.31,32.47
33,Bordeaux,33063,2022,2022,False,46.55,123.02,9.31,32.45
33,Bordeaux,33063,2023,2023,False,48.96,124.23,9.31,32.62
33,Bordeaux,33063,2024,2024,False,49.23,124.05,9.31,33.09
34,Montpellier,34172,2021,2021,False,53.44,172.02,12.35,35.32
34,Montpellier,34172,2022,2022,False,53.45,171.86,12.35,35.53
34,Montpellier,34172,2023,2023,False,53.87,173.27,12.35,35.79
34,Montpellier,34172,2024,2024,False,54.26,174.85,14.62,37.02
35,Rennes,35238,2021,2021,False,47.51,72.16,5.7,35.73
35,Rennes,35238,2022,2022,False,47.48,72.05,7.5,35.7
35,Rennes,35238,2023,2023,False,47.72,72.53,7.5,36.01
35,Rennes,35238,2024,2024,False,47.7,72.51,9.85,36.21
36,Châteauroux,36044,2021,2021,False,43.82,109.94,10.34,26.76
36,Châteauroux,36044,2022,2022,False,45.34,109.94,8.75,26.76
36,Châteauroux,36044,2023,2023,False,45.34,109.94,8.75,26.76
36,Châteauroux,36044,2024,2024,False,45.72,110.46,8.75,27.07
37,Tours,37261,2021,2021,False,39.27,72.55,10.86,31.64
37,Tours,37261,2022,2022,False,44.07,77.17,10.86,32.34
37,Tours,37261,2023,2023,False,44.17,77.19,10.86,32.05
37,Tours,37261,2024,2024,False,44.12,77.19,10.86,32.33
38,Grenoble,38185,2021,2021,False,54.72,135.46,8.3,30.61
38,Grenoble,38185,2022,2022,False,54.73,135.1,8.3,30.75
38,Grenoble,38185,2023,2023,False,67.93,156.58,8.3,36.03
38,Grenoble,38185,2024,2024,False,67.92,156.47,8.3,36.21
39,Lons-le-Saunier,39300,2021,2021,False,52.93,92.98,9.52,26.16
39,Lons-le-Saunier,39300,2022,2022,False,53.2,93.35,9.52,26.58
39,Lons-le-Saunier,39300,2023,2023,False,53.22,93.71,10.22,26.4
39,Lons-le-Saunier,39300,2024,2024,False,54.21,93.38,10.63,26.5
40,Mont-de-Marsan,40192,2021,2021,False,39.71,78.29,8.8,33.22
40,Mont-de-Marsan,40192,2022,2022,False,40.15,79.29,8.99,34.4
40,Mont-de-Marsan,40192,2023,2023,False,40.54,80.46,8.34,34.1
40,Mont-de-Marsan,40192,2024,2024,False,43.48,86.8,8.32,45.5
41,Blois,41018,2021,2021,False,57.7,93.14,10.67,29.94
41,Blois,41018,2022,2022,False,57.7,93.14,10.67,29.94
41,Blois,41018,2023,2023,False,57.7,93.14,11.35,29.94
41,Blois,41018,2024,2024,False,57.7,93.14,11.35,29.94
42,Saint-Étienne,42218,2021,2021,False,40.45,79.12,8.0,30.89
42,Saint-Étienne,42218,2022,2022,False,42.18,80.03,8.0,32.09
42,Saint-Étienne,42218,2023,2023,False,42.24,80.12,8.3,31.37
42,Saint-Étienne,42218,2024,2024,False,48.16,86.57,8.3,34.76
43,Le Puy-en-Velay,43157,2021,2021,False,51.83,195.13,9.81,27.72
43,Le Puy-en-Velay,43157,2022,2022,False,52.29,196.67,9.81,28.36
43,Le Puy-en-Velay,43157,2023,2023,False,52.3,196.8,9.81,28.16
43,Le Puy-en-Velay,43157,2024,2024,False,53.29,201.4,10.69,32.03
44,Nantes,44109,2021,2021,False,48.92,90.4,7.5,34.18
44,Nantes,44109,2022,2022,False,52.75,90.4,7.95,34.18
44,Nantes,44109,2023,2023,False,53.28,91.46,7.95,34.67
44,Nantes,44109,2024,2024,False,53.36,91.63,7.95,34.97
45,Orléans,45234,2021,2021,False,54.31,79.56,5.8,28.69
45,Orléans,45234,2022,2022,False,54.32,79.51,5.8,28.65
45,Orléans,45234,2023,2023,False,54.47,79.69,5.8,28.84
45,Orléans,45234,2024,2024,False,54.63,80.04,5.8,29.02
46,Cahors,46042,2021,2021,False,64.88,305.86,12.87,25.18
46,Cahors,46042,2022,2022,False,64.95,305.93,12.87,25.28
46,Cahors,46042,2023,2023,False,65.44,307.82,13.34,25.4
46,Cahors,46042,2024,2024,False,65.47,307.33,13.76,25.57
47,Agen,47091,2021,2021,False,42.7,154.41,11.0,16.56
47,Agen,47091,2022,2022,False,42.7,154.41,11.0,16.46
47,Agen,47091,2023,2023,False,43.02,155.46,11.0,16.62
47,Agen,47091,2024,2024,False,47.24,162.29,11.0,18.04
48,Mende,48095,2021,2021,False,57.79,381.71,9.92,21.41
48,Mende,48095,2022,2022,False,56.8,381.43,9.92,21.35
48,Mende,48095,2023,2023,False,56.85,381.74,9.92,21.43
48,Mende,48095,2024,2024,False,56.84,381.66,9.92,21.46
49,Angers,49007,2021,2021,False,56.42,70.94,9.1,27.44
49,Angers,49007,2022,2022,False,56.42,70.94,9.1,27.44
49,Angers,49007,2023,2023,False,56.42,70.94,8.8,27.44
49,Angers,49007,2024,2024,False,56.42,70.94,8.8,27.44
50,Saint-Lô,50502,2021,2021,False,43.85,90.84,12.41,26.38
50,Saint-Lô,50502,2022,2022,False,43.86,90.82,12.41,26.38
50,Saint-Lô,50502,2023,2023,False,43.85,90.81,,26.37
50,Saint-Lô,50502,2024,2024,False,46.55,93.79,,27.63
51,Châlons-en-Champagne,51108,2021,2021,False,43.65,53.32,10.12,35.49
51,Châlons-en-Champagne,51108,2022,2022,False,43.68,53.33,10.12,35.5
51,Châlons-en-Champagne,51108,2023,2023,False,43.7,53.36,10.12,35.51
51,Châlons-en-Champagne,51108,2024,2024,False,43.91,53.54,10.12,35.85
52,Chaumont,52121,2021,2021,False,64.79,85.4,8.65,32.01
52,Chaumont,52121,2022,2022,False,64.04,84.79,8.12,32.02
52,Chaumont,52121,2023,2023,False,64.06,84.82,7.69,32.03
52,Chaumont,52121,2024,2024,False,64.07,84.86,7.75,32.08
53,Laval,53130,2021,2021,False,46.3,74.66,7.8,31.73
53,Laval,53130,2022,2022,False,46.31,74.65,7.95,31.84
53,Laval,53130,2023,2023,False,46.32,74.68,8.1,31.59
53,Laval,53130,2024,2024,False,46.31,74.66,8.1,31.72
54,Nancy,54395,2021,2021,False,38.63,57.91,6.71,30.68
54,Nancy,54395,2022,2022,False,38.72,57.95,6.71,30.97
54,Nancy,54395,2023,2023,False,38.77,58.04,6.71,30.82
54,Nancy,54395,2024,2024,False,43.92,61.69,6.71,34.48
55,Bar-le-Duc,55029,2021,2021,False,56.25,101.0,11.19,30.93
55,Bar-le-Duc,55029,2022,2022,False,58.21,100.88,11.19,30.92
55,Bar-le-Duc,55029,2023,2023,False,58.21,100.89,11.19,30.87
55,Bar-le-Duc,55029,2024,2024,False,58.21,100.81,9.51,30.9
56,Vannes,56260,2021,2021,False,33.8,84.67,8.01,23.7
56,Vannes,56260,2022,2022,False,34.15,85.52,9.28,24.2
56,Vannes,56260,2023,2023,False,34.19,85.62,10.55,24.06
56,Vannes,56260,2024,2024,False,34.15,85.54,11.82,24.08
57,Metz,57463,2021,2021,False,33.9,116.3,9.25,29.58
57,Metz,57463,2022,2022,False,33.87,116.24,9.25,29.71
57,Metz,57463,2023,2023,False,38.4,126.39,9.25,32.03
57,Metz,57463,2024,2024,False,38.39,126.28,9.25,32.12
58,Nevers,58194,2021,2021,False,50.09,151.55,6.5,32.43
58,Nevers,58194,2022,2022,False,52.59,151.55,6.5,32.43
58,Nevers,58194,2023,2023,False,55.6,156.86,6.5,33.59
58,Nevers,58194,2024,2024,False,55.98,157.55,6.5,34.11
59,Lille,59350,2021,2021,False,48.61,66.62,13.39,45.94
59,Lille,59350,2022,2022,False,48.89,67.06,13.39,46.91
59,Lille,59350,2023,2023,False,49.0,67.26,14.64,46.46
59,Lille,59350,2024,2024,False,48.95,67.83,14.64,46.71
60,Beauvais,60057,2021,2021,False,58.52,118.35,4.51,26.84
60,Beauvais,60057,2022,2022,False,58.55,118.31,6.51,26.86
60,Beauvais,60057,2023,2023,False,58.54,118.42,6.51,26.83
60,Beauvais,60057,2024,2024,False,58.53,118.28,6.51,26.91
61,Alençon,61001,2021,2021,False,50.25,83.69,8.12,25.98
61,Alençon,61001,2022,2022,False,54.4,83.67,8.12,25.98
61,Alençon,61001,2023,2023,False,55.72,85.78,8.12,27.2
61,Alençon,61001,2024,2024,False,55.69,85.73,10.9,27.28
62,Arras,62160,2021,2021,False,56.96,123.79,9.64,43.49
62,Arras,62160,2022,2022,False,56.86,123.55,10.3,43.4
62,Arras,62160,2023,2023,False,57.43,124.43,10.96,44.0
62,Arras,62160,2024,2024,False,57.64,125.42,11.04,44.37
63,Clermont-Ferrand,63113,2021,2021,False,49.11,112.31,7.99,31.64
63,Clermont-Ferrand,63113,2022,2022,False,49.96,115.97,9.9,32.34
63,Clermont-Ferrand,63113,2023,2023,False,49.65,114.84,9.9,31.71
63,Clermont-Ferrand,63113,2024,2024,False,49.74,115.02,9.9,31.9
64,Pau,64445,2021,2021,False,40.48,86.75,9.03,31.35
64,Pau,64445,2022,2022,False,44.5,86.65,9.03,32.2
64,Pau,64445,2023,2023,False,44.55,86.73,9.03,31.26
64,Pau,64445,2024,2024,False,44.52,86.68,9.03,31.38
65,Tarbes,65440,2021,2021,False,56.77,161.66,8.05,33.48
65,Tarbes,65440,2022,2022,False,56.77,161.36,7.75,33.58
65,Tarbes,65440,2023,2023,False,56.42,161.23,7.7,33.24
65,Tarbes,65440,2024,2024,False,56.12,160.63,7.48,32.99
66,Perpignan,66136,2021,2021,False,50.58,81.2,9.7,29.73
66,Perpignan,66136,2022,2022,False,50.57,81.04,9.7,29.92
66,Perpignan,66136,2023,2023,False,50.59,80.99,9.7,29.58
66,Perpignan,66136,2024,2024,False,50.51,80.92,9.7,29.72
67,Strasbourg,67482,2021,2021,False,38.7,123.01,11.59,36.79
67,Strasbourg,67482,2022,2022,False,42.16,122.97,11.59,36.81
67,Strasbourg,67482,2023,2023,False,42.25,123.39,11.59,36.88
67,Strasbourg,67482,2024,2024,False,42.25,123.27,11.59,36.97
68,Colmar,68224,2021,2021,False,42.77,168.64,13.37,32.24
68,Colmar,68224,2022,2022,False,42.78,168.6,13.07,32.3
68,Colmar,68224,2023,2023,False,46.89,169.04,12.76,32.31
68,Colmar,68224,2024,2024,False,46.92,168.99,12.45,32.47
69,Lyon,69123,2021,2021,False,29.93,39.04,4.93,29.84
69,Lyon,69123,2022,2022,False,29.93,39.04,4.93,29.84
69,Lyon,69123,2023,2023,False,32.56,39.05,4.93,29.91
69,Lyon,69123,2024,2024,False,32.71,39.31,5.19,30.21
70,Vesoul,70550,2021,2021,False,53.26,104.48,7.24,19.23
70,Vesoul,70550,2022,2022,False,53.26,104.48,7.82,19.23
70,Vesoul,70550,2023,2023,False,53.26,104.48,8.25,19.23
70,Vesoul,70550,2024,2024,False,53.26,104.48,8.25,19.23
71,Mâcon,71270,2021,2021,False,46.87,71.64,8.77,27.47
71,Mâcon,71270,2022,2022,False,46.88,71.64,8.77,27.57
71,Mâcon,71270,2023,2023,False,46.9,71.6,8.77,27.41
71,Mâcon,71270,2024,2024,False,46.88,71.63,10.27,27.44
72,Le Mans,72181,2021,2021,False,47.8,71.28,6.71,32.47
72,Le Mans,72181,2022,2022,False,47.8,71.28,6.71,32.47
72,Le Mans,72181,2023,2023,False,47.8,71.28,6.71,32.47
72,Le Mans,72181,2024,2024,False,47.8,71.28,6.71,32.47
73,Chambéry,73065,2021,2021,False,42.97,90.45,8.28,26.91
73,Chambéry,73065,2022,2022,False,44.47,90.35,8.28,26.9
73,Chambéry,73065,2023,2023,False,46.46,90.48,8.28,29.4
73,Chambéry,73065,2024,2024,False,46.47,90.26,8.28,29.42
74,Annecy,74010,2021,2021,False,30.17,73.22,6.77,20.4
74,Annecy,74010,2022,2022,False,31.78,73.56,6.83,20.5
74,Annecy,74010,2023,2023,False,31.77,73.6,6.89,20.51
74,Annecy,74010,2024,2024,False,36.01,78.39,6.71,22.39
75,Paris,75056,2021,2021,False,14.13,20.19,6.21,13.72
75,Paris,75056,2022,2022,False,14.08,19.73,6.21,14.21
75,Paris,75056,2023,2023,False,21.15,28.86,6.21,20.75
75,Paris,75056,2024,2024,False,21.19,28.8,6.21,20.95
76,Rouen,76540,2021,2021,False,48.82,67.68,8.06,30.64
76,Rouen,76540,2022,2022,False,48.83,67.66,8.06,30.64
76,Rouen,76540,2023,2023,False,48.82,67.65,8.06,30.63
76,Rouen,76540,2024,2024,False,49.49,68.88,8.06,31.55
77,Melun,77288,2021,2021,False,46.47,86.36,7.9,32.54
77,Melun,77288,2022,2022,False,46.41,85.95,10.09,33.02
77,Melun,77288,2023,2023,False,46.73,86.99,10.09,32.84
77,Melun,77288,2024,2024,False,46.73,86.88,10.09,33.02
78,Versailles,78646,2021,2021,False,26.73,40.05,5.39,18.37
78,Versailles,78646,2022,2022,False,26.67,39.64,5.39,18.85
78,Versailles,78646,2023,2023,False,26.8,40.33,5.39,18.52
78,Versailles,78646,2024,2024,False,26.81,40.14,5.39,18.7
79,Niort,79191,2021,2021,False,49.41,131.0,10.2,32.66
79,Niort,79191,2022,2022,False,49.39,130.94,10.2,32.64
79,Niort,79191,2023,2023,False,49.39,131.1,10.2,32.64
79,Niort,79191,2024,2024,False,49.39,130.92,10.2,32.66
80,Amiens,80021,2021,2021,False,55.87,64.01,8.53,32.78
80,Amiens,80021,2022,2022,False,55.87,62.98,8.53,32.78
80,Amiens,80021,2023,2023,False,55.87,62.98,9.53,32.78
80,Amiens,80021,2024,2024,False,56.05,63.99,9.53,32.97
81,Albi,81004,2021,2021,False,64.07,192.08,9.89,26.63
81,Albi,81004,2022,2022,False,64.07,191.8,9.89,26.57
81,Albi,81004,2023,2023,False,64.44,193.16,9.89,26.82
81,Albi,81004,2024,2024,False,64.48,192.62,9.89,26.93
82,Montauban,82121,2021,2021,False,68.72,199.92,9.35,25.14
82,Montauban,82121,2022,2022,False,68.74,199.8,9.35,25.13
82,Montauban,82121,2023,2023,False,69.04,200.89,11.0,25.28
82,Montauban,82121,2024,2024,False,69.15,200.47,11.0,25.45
83,Toulon,83137,2021,2021,False,48.45,82.68,11.88,32.37
83,Toulon,83137,2022,2022,False,49.61,82.85,11.87,32.5
83,Toulon,83137,2023,2023,False,49.81,83.05,11.86,33.99
83,Toulon,83137,2024,2024,False,49.61,82.69,11.85,33.88
84,Avignon,84007,2021,2021,False,44.44,106.02,10.9,29.72
84,Avignon,84007,2022,2022,False,44.5,106.18,10.9,29.86
84,Avignon,84007,2023,2023,False,44.52,106.18,10.9,29.7
84,Avignon,84007,2024,2024,False,44.5,106.12,10.9,29.81
85,La Roche-sur-Yon,85191,2021,2021,False,44.34,86.37,,34.31
85,La Roche-sur-Yon,85191,2022,2022,False,47.81,86.26,,34.26
85,La Roche-sur-Yon,85191,2023,2023,False,47.8,86.23,,34.25
85,La Roche-sur-Yon,85191,2024,2024,False,47.83,86.27,,34.28
86,Poitiers,86194,2021,2021,False,54.74,83.06,9.88,38.68
86,Poitiers,86194,2022,2022,False,54.74,82.98,9.88,38.69
86,Poitiers,86194,2023,2023,False,54.77,83.2,7.9,38.66
86,Poitiers,86194,2024,2024,False,54.84,83.13,8.0,38.86
87,Limoges,87085,2021,2021,False,39.48,110.95,6.12,28.44
87,Limoges,87085,2022,2022,False,40.67,110.89,6.12,28.42
87,Limoges,87085,2023,2023,False,44.54,111.19,6.12,30.41
87,Limoges,87085,2024,2024,False,44.53,110.99,6.12,30.45
88,Épinal,88160,2021,2021,False,53.08,81.66,9.15,34.09
88,Épinal,88160,2022,2022,False,53.36,81.94,9.15,34.83
88,Épinal,88160,2023,2023,False,53.41,82.02,9.15,34.48
88,Épinal,88160,2024,2024,False,53.4,81.93,9.15,34.61
89,Auxerre,89024,2021,2021,False,46.84,125.44,8.1,30.54
89,Auxerre,89024,2022,2022,False,47.0,125.78,8.9,30.83
89,Auxerre,89024,2023,2023,False,49.13,126.41,8.63,30.84
89,Auxerre,89024,2024,2024,False,54.49,131.37,9.0,32.43
90,Belfort,90010,2021,2021,False,43.77,110.33,9.8,27.76
90,Belfort,90010,2022,2022,False,43.83,110.31,9.8,27.94
90,Belfort,90010,2023,2023,False,44.26,110.39,9.8,27.64
90,Belfort,90010,2024,2024,False,44.24,110.33,9.8,27.77
91,Évry-Courcouronnes,91228,2021,2021,False,45.51,176.86,7.54,8.8
91,Évry-Courcouronnes,91228,2022,2022,False,46.83,178.0,8.53,28.9
91,Évry-Courcouronnes,91228,2023,2023,False,46.89,178.43,8.53,27.89
91,Évry-Courcouronnes,91228,2024,2024,False,46.87,178.36,8.53,28.0
92,Nanterre,92012,2021,2021,False,15.72,21.48,4.15,18.21
92,Nanterre,92012,2022,2022,False,15.67,21.02,4.15,18.7
92,Nanterre,92012,2023,2023,False,15.74,21.51,4.15,18.3
92,Nanterre,92012,2024,2024,False,15.78,21.45,4.15,18.5
93,Bobigny,93008,2021,2021,False,42.75,100.41,7.92,27.04
93,Bobigny,93008,2022,2022,False,42.7,99.95,8.44,27.53
93,Bobigny,93008,2023,2023,False,50.57,115.52,8.44,32.07
93,Bobigny,93008,2024,2024,False,50.61,115.46,8.77,32.27
94,Créteil,94028,2021,2021,False,42.33,69.54,8.37,29.7
94,Créteil,94028,2022,2022,False,42.7,69.08,8.35,30.19
94,Créteil,94028,2023,2023,False,42.77,69.57,8.32,29.79
94,Créteil,94028,2024,2024,False,44.45,71.51,8.3,31.13
95,Cergy,95500,2021,2021,False,44.93,61.48,8.15,22.52
95,Cergy,95500,2022,2022,False,44.93,61.2,8.15,22.79
95,Cergy,95500,2023,2023,False,50.42,65.75,8.0,22.49
95,Cergy,95500,2024,2024,False,50.48,65.74,8.0,22.7
971,Basse-Terre,97105,2021,2021,False,71.16,90.42,22.7,43.97
971,Basse-Terre,97105,2022,2022,False,71.2,90.33,19.75,43.95
971,Basse-Terre,97105,2023,2023,False,71.1,90.06,24.5,43.85
971,Basse-Terre,97105,2024,2024,False,73.91,97.01,24.5,48.03
972,Fort-de-France,97209,2021,2021,False,51.8,43.91,13.8,35.54
972,Fort-de-France,97209,2022,2022,False,51.88,43.89,13.8,35.71
972,Fort-de-France,97209,2023,2023,False,51.84,43.92,13.8,35.09
972,Fort-de-France,97209,2024,2024,False,51.76,43.84,13.8,35.43
973,Cayenne,97302,2021,2021,False,70.62,97.33,14.56,28.45
973,Cayenne,97302,2022,2022,False,70.28,97.63,14.56,29.02
973,Cayenne,97302,2023,2023,False,70.38,97.59,14.56,28.93
973,Cayenne,97302,2024,2024,False,70.56,97.89,14.56,29.31
974,Saint-Denis,97411,2021,2021,False,37.39,28.68,14.8,25.85
974,Saint-Denis,97411,2022,2022,False,37.38,28.65,14.8,25.81
974,Saint-Denis,97411,2023,2023,False,38.04,29.19,15.8,26.32
974,Saint-Denis,97411,2024,2024,False,38.97,29.07,15.8,27.19
976,Mamoudzou,97608,2021,2021,False,14.59,8.86,14.61,30.66
976,Mamoudzou,97608,2022,2022,False,21.61,12.29,16.41,30.84
976,Mamoudzou,97608,2023,2023,False,22.16,12.69,16.41,31.42
976,Mamoudzou,97608,2024,2024,False,22.63,12.85,16.41,32.22
